{
    "cds": [
        {
            "save_csn_status": "Closed",
            "review_vitamin_d": "No",
            "save_csn": "865482572",
            "review_symptom_status": "Yes",
            "review_dmts": "Yes",
            "review_symptoms_referrals": "Yes",
            "review_relapses": "No",
            "review_ms_type_status": "No",
            "review_other_meds": "No",
            "last_updated_instant": "08/31/2017 10:41:05",
            "review_mri_images": "No",
            "last_updated_provider_id": "G00123",
            "review_vaccinations": "No",
            "review_mointoring_labs": "No"
        },
        {
            "save_csn_status": "Closed",
            "review_vitamin_d": "No",
            "save_csn": "111111111",
            "review_symptom_status": "Yes",
            "review_dmts": "No",
            "review_symptoms_referrals": "Yes",
            "review_relapses": "Yes",
            "review_ms_type_status": "Yes",
            "review_other_meds": "No",
            "last_updated_instant": "10/25/2017 17:04:25",
            "review_mri_images": "Yes",
            "last_updated_provider_id": "G00123",
            "review_vaccinations": "No",
            "review_mointoring_labs": "No"
        }
    ]
}