{
    "DMTs": [
        {
            "last_updated_provider_id": "G00277",
            "reason_stopped": "Other",
            "save_csn_status": "Open",
            "dmt_order_id": "158246617",
            "save_csn": "976248959",
            "patient_reported_start": "4/2017",
            "reason_stopped_text": "This is a test",
            "last_updated_instant": "01/25/2018 13:28:13"
        },
        {
            "last_updated_provider_id": "G00276",
            "reason_stopped": "Insurance",
            "save_csn_status": "Open",
            "dmt_order_id": "139262027",
            "save_csn": "916333100",
            "patient_reported_start": "6/1983",
            "last_updated_instant": "01/24/2018 20:40:48"
        },
        {
            "last_updated_provider_id": "G00276",
            "reason_stopped": "Logistics",
            "save_csn_status": "Open",
            "dmt_order_id": "139431700",
            "save_csn": "962892805",
            "patient_reported_start": "5/2016",
            "last_updated_instant": "01/24/2018 16:49:27"
        },
        {
            "last_updated_provider_id": "G00277",
            "reason_stopped": "Side effects",
            "save_csn_status": "Open",
            "dmt_order_id": "191956695",
            "save_csn": "982593507",
            "patient_reported_start": "10/2017",
            "reason_stopped_text": "NA",
            "last_updated_instant": "01/25/2018 00:00:24"
        },
        {
            "last_updated_provider_id": "G00276",
            "reason_stopped": "Cost",
            "save_csn_status": "Open",
            "dmt_order_id": "111686511",
            "save_csn": "982717302",
            "patient_reported_start": "5/2017",
            "last_updated_instant": "01/24/2018 16:58:43"
        },
        {
            "last_updated_provider_id": "G00277",
            "reason_stopped": "Insurance",
            "save_csn_status": "Open",
            "dmt_order_id": "111580249",
            "save_csn": "999665208",
            "patient_reported_start": "12/2017",
            "reason_stopped_text": "LOL",
            "last_updated_instant": "01/24/2018 23:56:27"
        },
        {
            "last_updated_provider_id": "G00276",
            "reason_stopped": "Insurance",
            "save_csn_status": "Open",
            "dmt_order_id": "139431705",
            "save_csn": "961938255",
            "patient_reported_start": "1/2017",
            "last_updated_instant": "01/24/2018 16:58:08"
        },
        {
            "last_updated_provider_id": "G00277",
            "reason_stopped": "Needle fatigue",
            "save_csn_status": "Open",
            "dmt_order_id": "191956705",
            "save_csn": "990739392",
            "patient_reported_start": "12/2017",
            "last_updated_instant": "01/24/2018 23:59:55"
        },
        {
            "last_updated_provider_id": "G00277",
            "reason_stopped": "Cost",
            "save_csn_status": "cLosed",
            "dmt_order_id": "139431684",
            "save_csn": "962892675",
            "patient_reported_start": "3/2017",
            "last_updated_instant": "01/25/2018 14:37:06"
        },
        {
            "last_updated_provider_id": "G0012321",
            "reason_stopped": "",
            "save_csn_status": "Open",
            "dmt_order_id": "802519705",
            "save_csn": "11111",
            "patient_reported_start": "08/2017",
            "last_updated_instant": "08/31/2017 10:41:05"
        }
    ]
}