[
    {
        "edss": {
            "q2": [
                0.5,
                1
            ],
            "q1": [
                0,
                0
            ],
            "kt": [
                3,
                4
            ],
            "q4": [
                6,
                6
            ],
            "q3": [
                2,
                2
            ],
            "m": [
                1.5,
                1.5
            ]
        }
    },
    {
        "population_count": 52,
        "edss": {
            "kt": [
                3,
                4
            ],
            "numbr.of.values.used": [
                57,
                48
            ],
            "visit.count": [
                57,
                48
            ]
        }
    }
]